accuracy,test_customers,avg_churn_probability
0.9985539845758354,18672,0.802236275150173
