Feature,Coefficient
Recency,33.6754974535092
Frequency,0.0014515160949270915
Monetary,-0.02595364933177771
