Cluster,Cluster_Name,customers,avg_recency,avg_frequency,total_monetary,avg_monetary
3,Potential Customers,50642,128.0743651514553,1.0,6804260.66,134.36003040954148
1,Champions,2772,220.44372294372295,2.1143578643578644,802993.66,289.6802525252525
2,Loyal Customers,2418,239.3978494623656,1.0128205128205128,2807071.54,1160.9063440860216
0,At Risk,37526,387.4085167617119,1.0,5008135.91,133.4577602195811
